create database activosbd;

CREATE TABLE areas(
 idArea INT NOT NULL AUTO_INCREMENT,
 area VARCHAR(200) NOT NULL,
 CONSTRAINT PK_Area PRIMARY KEY (idArea)
);

CREATE TABLE puestos(
 idPuesto INT NOT NULL AUTO_INCREMENT,
 puesto VARCHAR(200) NOT NULL,
 idArea INT NOT NULL,
 CONSTRAINT PK_Puesto PRIMARY KEY (idPuesto),
 CONSTRAINT FK_AreaPuesto FOREIGN KEY (idArea) REFERENCES areas(idArea)
);

CREATE TABLE usuario(
 idUsuario INT NOT NULL AUTO_INCREMENT,
 curp VARCHAR(20) NOT NULL UNIQUE,
 nombre VARCHAR(50) NOT NULL,
 apellidoP VARCHAR(40) NOT NULL,
 apellidoM VARCHAR(40) NOT NULL,
 idPuesto INT NOT NULL,
 correo VARCHAR(100) NOT NULL UNIQUE,
 password VARCHAR(255),
 CONSTRAINT PK_Usuario PRIMARY KEY (idUsuario),
 CONSTRAINT FK_UsuarioPuesto FOREIGN KEY (idPuesto) REFERENCES puestos(idPuesto)
);

CREATE TABLE linkPassword(
 idLink INT NOT NULL AUTO_INCREMENT,
 idUsuario INT NOT NULL UNIQUE,
 token VARCHAR(500) NOT NULL,
 fechaCreacion TIMESTAMP NOT NULL DEFAULT CURRENT_TIMESTAMP,
 CONSTRAINT PK_linkPassword PRIMARY KEY (idLink),
 CONSTRAINT FK_LinkUser FOREIGN KEY (idUsuario) REFERENCES Usuario(idUsuario)
);

CREATE TABLE permisos(
 idPermiso INT NOT NULL AUTO_INCREMENT,
 nombre VARCHAR(40) NOT NULL,
 CONSTRAINT PK_Permisos PRIMARY KEY (idPermiso)
);

CREATE TABLE permisosUsuario(
 idPermisoUsuario INT NOT NULL AUTO_INCREMENT,
 idUsuario INT NOT NULL,
 idPermiso INT NOT NULL,
 CONSTRAINT PK_PermisosUsuario PRIMARY KEY (idPermisoUsuario),
 CONSTRAINT FK_UsuarioPermiso FOREIGN KEY (idUsuario) REFERENCES Usuario(idUsuario),
 CONSTRAINT FK_Permiso FOREIGN KEY (idPermiso) REFERENCES Permisos(idPermiso)
);

CREATE TABLE asignacion(
 idAsignacion INT NOT NULL AUTO_INCREMENT,
 fechaAsignacion TIMESTAMP NOT NULL DEFAULT CURRENT_TIMESTAMP,
 cantidad INT,
 idAccesorio INT,
 idActivo INT,
 usuarioAsigna INT NOT NULL,
 usuarioAsignado INT NOT NULL,
 observaciones VARCHAR(65535),
 fechaBaja TIMESTAMP,
 CONSTRAINT PK_Asignacion PRIMARY KEY (idAsignacion),
 CONSTRAINT FK_UsuarioAsignado FOREIGN KEY (usuarioAsignado) REFERENCES Usuario(idUsuario)
);

CREATE TABLE activo(
 idActivo INT NOT NULL AUTO_INCREMENT,
 noActivo VARCHAR(50) NOT NULL UNIQUE,
 noSerie VARCHAR(50) NOT NULL UNIQUE,
 marca VARCHAR(50) NOT NULL,
 modelo VARCHAR(50) NOT NULL,
 memoriaRAM VARCHAR(10),
 discoDuro VARCHAR(10),
 procesador VARCHAR(30),
 fechaAlta TIMESTAMP NOT NULL DEFAULT CURRENT_TIMESTAMP,
 observaciones VARCHAR(65535),
 idAsignacion INT,
 estado BIT NOT NULL DEFAULT 1,
 usuarioBaja INT,
 fechabaja DATE,
 CONSTRAINT PK_Activo PRIMARY KEY (idActivo),
 CONSTRAINT FK_ActivoAsignado FOREIGN KEY (idAsignacion) REFERENCES Asignacion(idAsignacion)
);

CREATE TABLE accesorio(
 idAccesorio INT NOT NULL AUTO_INCREMENT,
 nombre VARCHAR(50) NOT NULL,
 cantidad INT NOT NULL,
 fechaRegistro TIMESTAMP NOT NULL DEFAULT CURRENT_TIMESTAMP,
 fechaActualizacion TIMESTAMP,
 fechaEliminacion TIMESTAMP,
 CONSTRAINT PK_Accesorio PRIMARY KEY (idAccesorio)
);

CREATE TABLE aplicaciones(
 idAplicacion INT NOT NULL AUTO_INCREMENT,
 nombre VARCHAR(40) NOT NULL,
 CONSTRAINT PK_Aplicaciones PRIMARY KEY (idAplicacion)
);

CREATE TABLE activoAplicaciones(
 idActivoAplicacion INT NOT NULL AUTO_INCREMENT,
 idActivo INT NOT NULL,
 idAplicacion INT NOT NULL,
 CONSTRAINT PK_ActivoAplicacion PRIMARY KEY (idActivoAplicacion),
 CONSTRAINT FK_Activo FOREIGN KEY (idActivo) REFERENCES Activo(idActivo),
 CONSTRAINT FK_Aplicacion FOREIGN KEY (idAplicacion) REFERENCES Aplicaciones(idAplicacion)
);


INSERT INTO permisos(nombre) VALUES ('Permisos');
INSERT INTO permisos(nombre) VALUES ('Mis activos');
INSERT INTO permisos(nombre) VALUES ('Reporte de activos');
INSERT INTO permisos(nombre) VALUES ('Reporte de bajas');
INSERT INTO permisos(nombre) VALUES ('Altas');
INSERT INTO permisos(nombre) VALUES ('Asignar');

INSERT INTO areas (idArea, area) VALUES (1, 'DIRECCION DE BECAS');
INSERT INTO areas (idArea, area) VALUES (2, 'DIRECCION DE COMUNICACION');
INSERT INTO areas (idArea, area) VALUES (3, 'DIRECCION DE CREDITO EDUCATIVO');
INSERT INTO areas (idArea, area) VALUES (4, 'DIRECCION DE FINANZAS Y ADMINISTRACION');
INSERT INTO areas (idArea, area) VALUES (5, 'DIRECCION DE POLITICA EDUCATIVA Y LIDERAZGO SOCIAL');
INSERT INTO areas (idArea, area) VALUES (6, 'DIRECCION DE VINCULACION NACIONAL E INTERNACIONAL');
INSERT INTO areas (idArea, area) VALUES (7, 'DIRECCION GENERAL');
INSERT INTO areas (idArea, area) VALUES (8, 'ORGANO INTERNO DE CONTROL');
INSERT INTO areas (idArea, area) VALUES (9, 'INJUG');
INSERT INTO areas (idArea, area) VALUES (10, 'DIRECCION DE IMPULSO AL LIDERAZGO DE LAS JUVENTUDES');
INSERT INTO areas (idArea, area) VALUES (11, 'DIR DE PLAN, EVAL, POL PUB Y TECN DE INFOR');
INSERT INTO areas (idArea, area) VALUES (12, 'COORDINACION DE ANALISIS FINANCIERO');
INSERT INTO areas (idArea, area) VALUES (13, 'COORDINACION DE RECURSOS HUMANOS');
INSERT INTO areas (idArea, area) VALUES (14, 'COORDINACION DE FORMACION Y DESARROLLO DE LA JUVENTUD');
INSERT INTO areas (idArea, area) VALUES (15, 'COORDINACION DE RECURSOS MATERIALES Y SERVICIOS');
INSERT INTO areas (idArea, area) VALUES (17, 'COORDINACION DE COMUNICACION');
INSERT INTO areas (idArea, area) VALUES (18, 'COORDINACION DE FORMACION Y ATENCION A LA JUVENTUD');
INSERT INTO areas (idArea, area) VALUES (19, 'COORDINACION DE PROGRAMAS INTERNACIONALES');
INSERT INTO areas (idArea, area) VALUES (20, 'COORDINACION DE BECAS Y APOYOS');
INSERT INTO areas (idArea, area) VALUES (21, 'COORDINACION DE VINCULACION JUVENTUDES');
INSERT INTO areas (idArea, area) VALUES (22, 'COORDINACION DE CONTABILIDAD Y PRESUPUESTOS');
INSERT INTO areas (idArea, area) VALUES (23, 'COORDINACION DE VINCULACION INSTITUCIONAL');
INSERT INTO areas (idArea, area) VALUES (24, 'COORDINACIÓN DE ASUNTOS JURÍDICOS');
INSERT INTO areas (idArea, area) VALUES (25, 'DIRECCION DE BECAS, APOYOS Y FINANCIAMIENTO');
INSERT INTO areas (idArea, area) VALUES (26, 'COORDINACION DE PARTICIPACION JUVENIL Y EMPODERAMIENTO');
INSERT INTO areas (idArea, area) VALUES (28, 'COORDINACION DE OTORGAMIENTO Y RECUPERACION');
INSERT INTO areas (idArea, area) VALUES (29, 'SECRETARIA PARTICULAR');

INSERT INTO puestos (idPuesto, puesto, idArea) VALUES (1, 'ABOGADO/A INTERNO/A', 7);
INSERT INTO puestos (idPuesto, puesto, idArea) VALUES (2, 'ADMINISTRADOR/A DE PROYECTOS', 7);
INSERT INTO puestos (idPuesto, puesto, idArea) VALUES (3, 'ADMINISTRADOR/A DE PROYECTOS Y CONTROL DE CAMBIOS', 7);
INSERT INTO puestos (idPuesto, puesto, idArea) VALUES (4, 'ADMINISTRADOR/A DE SISTEMAS DE INFORMACION BECAS', 7);
INSERT INTO puestos (idPuesto, puesto, idArea) VALUES (5, 'ANALISTA DE INFORMACION', 5);
INSERT INTO puestos (idPuesto, puesto, idArea) VALUES (6, 'ANALISTA JURIDICO/A', 7);
INSERT INTO puestos (idPuesto, puesto, idArea) VALUES (7, 'ASESOR/A DE CREDITO', 3);
INSERT INTO puestos (idPuesto, puesto, idArea) VALUES (8, 'ASISTENTE/A DIRECCION GENERAL', 7);
INSERT INTO puestos (idPuesto, puesto, idArea) VALUES (9, 'AUXILAR DE CREDITO EDUCATIVO', 3);
INSERT INTO puestos (idPuesto, puesto, idArea) VALUES (10, 'AUXILIAR ADMINISTRATIVO/A', 4);
INSERT INTO puestos (idPuesto, puesto, idArea) VALUES (11, 'AUXILIAR BECAS', 1);
INSERT INTO puestos (idPuesto, puesto, idArea) VALUES (12, 'AUXILIAR DE BASE DE DATOS', 7);
INSERT INTO puestos (idPuesto, puesto, idArea) VALUES (13, 'AUXILIAR DE BECAS', 1);
INSERT INTO puestos (idPuesto, puesto, idArea) VALUES (14, 'AUXILIAR DE DESARROLLO DE SISTEMAS', 7);
INSERT INTO puestos (idPuesto, puesto, idArea) VALUES (15, 'AUXILIAR DE OFICINA REGIONAL', 1);
INSERT INTO puestos (idPuesto, puesto, idArea) VALUES (16, 'AUXILIAR DE ORGANO DE CONTROL', 8);
INSERT INTO puestos (idPuesto, puesto, idArea) VALUES (17, 'AUXILIAR EN BECAS', 1);
INSERT INTO puestos (idPuesto, puesto, idArea) VALUES (18, 'AUXILIAR EN PERMANENCIA ESCOLAR', 5);
INSERT INTO puestos (idPuesto, puesto, idArea) VALUES (19, 'AUXILIAR EN SOPORTE TECNICO', 7);
INSERT INTO puestos (idPuesto, puesto, idArea) VALUES (20, 'AUXILIAR RECURSOS HUMANOS', 4);
INSERT INTO puestos (idPuesto, puesto, idArea) VALUES (21, 'BRIGADISTA', 1);
INSERT INTO puestos (idPuesto, puesto, idArea) VALUES (22, 'COORDINADOR/A  OFICINAS REGIONALES', 1);
INSERT INTO puestos (idPuesto, puesto, idArea) VALUES (23, 'COORDINADOR/A  REGIONAL IRAPUATO', 1);
INSERT INTO puestos (idPuesto, puesto, idArea) VALUES (24, 'COORDINADOR/A DE ASUNTOS JURIDICOS', 7);
INSERT INTO puestos (idPuesto, puesto, idArea) VALUES (25, 'COORDINADOR/A DE BECAS ESTATALES', 1);
INSERT INTO puestos (idPuesto, puesto, idArea) VALUES (26, 'COORDINADOR/A DE BECAS FEDERALES PRIVADAS Y EN COLABORACION', 1);
INSERT INTO puestos (idPuesto, puesto, idArea) VALUES (27, 'COORDINADOR/A DE BIENES Y SERVICIOS DE LOS PROGRAMAS DE INVERSION', 4);
INSERT INTO puestos (idPuesto, puesto, idArea) VALUES (28, 'COORDINADOR/A DE CONTABILIDAD Y PRESUPUESTOS', 4);
INSERT INTO puestos (idPuesto, puesto, idArea) VALUES (29, 'COORDINADOR/A DE INVESTIGACION Y POLITICA EDUCATIVA', 5);
INSERT INTO puestos (idPuesto, puesto, idArea) VALUES (30, 'COORDINADOR/A DE LIDERAZGO Y PARTICIPACION', 5);
INSERT INTO puestos (idPuesto, puesto, idArea) VALUES (31, 'COORDINADOR/A DE OTORGAMIENTO', 3);
INSERT INTO puestos (idPuesto, puesto, idArea) VALUES (32, 'COORDINADOR/A DE PERMANENCIA ESCOLAR', 5);
INSERT INTO puestos (idPuesto, puesto, idArea) VALUES (33, 'COORDINADOR/A DE PLANEACION, OPERACION E INFORMATICA', 7);
INSERT INTO puestos (idPuesto, puesto, idArea) VALUES (34, 'COORDINADOR/A DE PROGRAMAS INTERNACIONALES', 6);
INSERT INTO puestos (idPuesto, puesto, idArea) VALUES (35, 'COORDINADOR/A DE RECUPERACION FINANCIERA', 3);
INSERT INTO puestos (idPuesto, puesto, idArea) VALUES (36, 'COORDINADOR/A DE RECURSOS HUMANOS', 4);
INSERT INTO puestos (idPuesto, puesto, idArea) VALUES (37, 'COORDINADOR/A DE RED VIRTUAL DE TALENTOS', 5);
INSERT INTO puestos (idPuesto, puesto, idArea) VALUES (38, 'COORDINADOR/A DE SEGUIMIENTO AL PROCESO DE TRANSVERSALIDAD GUBERNAMENTAL', 1);
INSERT INTO puestos (idPuesto, puesto, idArea) VALUES (39, 'COORDINADOR/A DE VINCULACION NACIONAL', 6);
INSERT INTO puestos (idPuesto, puesto, idArea) VALUES (40, 'COORDINADOR/A REGIONAL CELAYA', 1);
INSERT INTO puestos (idPuesto, puesto, idArea) VALUES (41, 'COORDINADOR/A REGIONAL DOLORES HIDALGO', 1);
INSERT INTO puestos (idPuesto, puesto, idArea) VALUES (42, 'COORDINADOR/A REGIONAL INDEX', 1);
INSERT INTO puestos (idPuesto, puesto, idArea) VALUES (43, 'COORDINADOR/A REGIONAL SALAMANCA', 1);
INSERT INTO puestos (idPuesto, puesto, idArea) VALUES (44, 'COORDINADOR/A TECNOLOGIAS DE LA INFORMACION', 7);
INSERT INTO puestos (idPuesto, puesto, idArea) VALUES (45, 'COORDINADORA DE CONTROL DOCUMENTAL', 1);
INSERT INTO puestos (idPuesto, puesto, idArea) VALUES (46, 'DIRECTOR/A DE BECAS', 1);
INSERT INTO puestos (idPuesto, puesto, idArea) VALUES (47, 'DIRECTOR/A DE COMUNICACION', 2);
INSERT INTO puestos (idPuesto, puesto, idArea) VALUES (48, 'DIRECTOR/A DE CREDITO EDUCATIVO', 3);
INSERT INTO puestos (idPuesto, puesto, idArea) VALUES (49, 'DIRECTOR/A DE FINANZAS Y ADMINISTRACION', 4);
INSERT INTO puestos (idPuesto, puesto, idArea) VALUES (50, 'DIRECTOR/A DE POLITICA EDUCATIVA Y LIDERAZGO SOCIAL', 5);
INSERT INTO puestos (idPuesto, puesto, idArea) VALUES (51, 'DIRECTOR/A DE VINCULACION NACIONAL E INTERNACIONAL', 6);
INSERT INTO puestos (idPuesto, puesto, idArea) VALUES (52, 'ENCARGADO/A DE ARCHIVO', 4);
INSERT INTO puestos (idPuesto, puesto, idArea) VALUES (53, 'ENCARGADO/A DE SERVICIOS GENERALES', 4);
INSERT INTO puestos (idPuesto, puesto, idArea) VALUES (54, 'ESPECIALISTA ADMINISTRATIVO/A', 4);
INSERT INTO puestos (idPuesto, puesto, idArea) VALUES (55, 'ESPECIALISTA BECAS', 1);
INSERT INTO puestos (idPuesto, puesto, idArea) VALUES (56, 'ESPECIALISTA CONTABLE', 4);
INSERT INTO puestos (idPuesto, puesto, idArea) VALUES (57, 'ESPECIALISTA CREDITO EDUCATIVO', 3);
INSERT INTO puestos (idPuesto, puesto, idArea) VALUES (58, 'ESPECIALISTA CREDITO EDUCATIVO REGIONAL', 3);
INSERT INTO puestos (idPuesto, puesto, idArea) VALUES (59, 'ESPECIALISTA DE VINCULACION INTERNACIONAL', 6);
INSERT INTO puestos (idPuesto, puesto, idArea) VALUES (60, 'ESPECIALISTA EN  BECAS', 1);
INSERT INTO puestos (idPuesto, puesto, idArea) VALUES (61, 'ESPECIALISTA EN  VERIFICACION EN CAMPO', 5);
INSERT INTO puestos (idPuesto, puesto, idArea) VALUES (62, 'ESPECIALISTA EN ACCIONES DE CORRESPONSABILIDAD SOCIAL', 5);
INSERT INTO puestos (idPuesto, puesto, idArea) VALUES (63, 'ESPECIALISTA EN ACCIONES TUTORIALES', 5);
INSERT INTO puestos (idPuesto, puesto, idArea) VALUES (64, 'ESPECIALISTA EN ATENCION CIUDADANA', 1);
INSERT INTO puestos (idPuesto, puesto, idArea) VALUES (65, 'ESPECIALISTA EN COMPRAS', 4);
INSERT INTO puestos (idPuesto, puesto, idArea) VALUES (66, 'ESPECIALISTA EN CULTURA EMPRENDEDORA', 5);
INSERT INTO puestos (idPuesto, puesto, idArea) VALUES (67, 'ESPECIALISTA EN DESARROLLO INSTITUCIONAL Y MEJORA CONTINUA', 7);
INSERT INTO puestos (idPuesto, puesto, idArea) VALUES (68, 'ESPECIALISTA EN DESARROLLO JUVENIL', 5);
INSERT INTO puestos (idPuesto, puesto, idArea) VALUES (69, 'ESPECIALISTA EN EDUCACION PREVENTIVA', 5);
INSERT INTO puestos (idPuesto, puesto, idArea) VALUES (70, 'ESPECIALISTA EN INCLUSION EDUCATIVA', 5);
INSERT INTO puestos (idPuesto, puesto, idArea) VALUES (71, 'ESPECIALISTA EN LIDERAZGO SOCIAL', 5);
INSERT INTO puestos (idPuesto, puesto, idArea) VALUES (72, 'ESPECIALISTA EN MATERIA ARCHIVISTICA', 7);
INSERT INTO puestos (idPuesto, puesto, idArea) VALUES (73, 'ESPECIALISTA EN PLANEACION Y OPERACION', 7);
INSERT INTO puestos (idPuesto, puesto, idArea) VALUES (74, 'ESPECIALISTA EN SERVICIOS MATERIALES', 4);
INSERT INTO puestos (idPuesto, puesto, idArea) VALUES (75, 'ESPECIALISTA EN TECNOLOGIAS DE LA INFORMACION', 7);
INSERT INTO puestos (idPuesto, puesto, idArea) VALUES (76, 'ESPECIALISTA EN VENTANILLA DE ATENCION', 1);
INSERT INTO puestos (idPuesto, puesto, idArea) VALUES (77, 'ESPECIALISTA PAGOS CONTROL CREDITO', 3);
INSERT INTO puestos (idPuesto, puesto, idArea) VALUES (78, 'GESTOR/A DE ATENCION TELEFONICA', 3);
INSERT INTO puestos (idPuesto, puesto, idArea) VALUES (79, 'GESTOR/A DE RECUPERACION FINANCIERA', 3);
INSERT INTO puestos (idPuesto, puesto, idArea) VALUES (80, 'GESTOR/A DE VISITAS DOMICILIARIAS', 3);
INSERT INTO puestos (idPuesto, puesto, idArea) VALUES (81, 'INNOVACION INSTITUCIONAL', 7);
INSERT INTO puestos (idPuesto, puesto, idArea) VALUES (82, 'JEFE/A BECAS FEDERALES', 1);
INSERT INTO puestos (idPuesto, puesto, idArea) VALUES (83, 'JEFE/A DE BECA EN ESPECIE', 1);
INSERT INTO puestos (idPuesto, puesto, idArea) VALUES (84, 'JEFE/A DE TESORERIA', 4);
INSERT INTO puestos (idPuesto, puesto, idArea) VALUES (85, 'JEFE/A REGIONAL INDEX', 1);
INSERT INTO puestos (idPuesto, puesto, idArea) VALUES (86, 'MENSAJERO/A', 4);
INSERT INTO puestos (idPuesto, puesto, idArea) VALUES (87, 'OPERATIVO/A BECAS TRANSPORTE', 4);
INSERT INTO puestos (idPuesto, puesto, idArea) VALUES (88, 'OPERATIVO/A DE OTORGAMIENTO', 3);
INSERT INTO puestos (idPuesto, puesto, idArea) VALUES (89, 'OPERATIVO/A DE PAGOS Y CONTROL DE CREDITO', 3);
INSERT INTO puestos (idPuesto, puesto, idArea) VALUES (90, 'OPERATIVO/A DE RECUPERACION', 3);
INSERT INTO puestos (idPuesto, puesto, idArea) VALUES (91, 'RESPONSABLE DE GARANTIAS DE CREDITO', 3);
INSERT INTO puestos (idPuesto, puesto, idArea) VALUES (92, 'RESPONSABLE DE PAGOS Y CONTROL DE BECAS', 1);
INSERT INTO puestos (idPuesto, puesto, idArea) VALUES (93, 'RESPONSABLE SEGUIMIENTO PLANEACION Y OPERACION', 7);
INSERT INTO puestos (idPuesto, puesto, idArea) VALUES (94, 'SECRETARIO/A PARTICULAR', 7);
INSERT INTO puestos (idPuesto, puesto, idArea) VALUES (95, 'SUPERVISOR/A CENTRO CONTACTO', 3);
INSERT INTO puestos (idPuesto, puesto, idArea) VALUES (96, 'TELEFONISTA', 2);
INSERT INTO puestos (idPuesto, puesto, idArea) VALUES (97, 'TITULAR DEL ORGANO DE CONTROL', 8);
INSERT INTO puestos (idPuesto, puesto, idArea) VALUES (98, 'VINCULADOR/A EMPRESARIAL', 6);
INSERT INTO puestos (idPuesto, puesto, idArea) VALUES (99, 'ESPECIALISTA EN  VERIFICACION EN CAMPO', 5);
INSERT INTO puestos (idPuesto, puesto, idArea) VALUES (100, 'COORDINADOR/A  REGIONAL IRAPUATO', 1);
INSERT INTO puestos (idPuesto, puesto, idArea) VALUES (101, 'ESPECIALISTA EN INCLUSIÓN DIGITAL', 1);
INSERT INTO puestos (idPuesto, puesto, idArea) VALUES (102, 'ASISTENTE EJECUTIVO', 4);
INSERT INTO puestos (idPuesto, puesto, idArea) VALUES (103, 'COORDINADOR/A DE FINANZAS Y ADMINISTRACION', 4);
INSERT INTO puestos (idPuesto, puesto, idArea) VALUES (104, 'RECURSOS HUMANOS', 4);
INSERT INTO puestos (idPuesto, puesto, idArea) VALUES (105, 'JEFE DE RECURSOS MATERIALES', 4);
INSERT INTO puestos (idPuesto, puesto, idArea) VALUES (106, 'PUESTO INJUG', 9);
INSERT INTO puestos (idPuesto, puesto, idArea) VALUES (107, 'COORDINADOR REGIONAL', 7);
INSERT INTO puestos (idPuesto, puesto, idArea) VALUES (108, 'ANALISTA DE INFORMACION CONTABLE Y PRESUPUESTAL', 4);
INSERT INTO puestos (idPuesto, puesto, idArea) VALUES (109, 'ESPECIALISTA EN MODELOS DE MENTORIA', 5);
INSERT INTO puestos (idPuesto, puesto, idArea) VALUES (110, 'ESPECIALISTA EN REDES DE OPORTUNIDADES GLOBALES PARA LAS JUVENTUDES', 5);
INSERT INTO puestos (idPuesto, puesto, idArea) VALUES (111, 'ESPECIALISTA EN JÓVENES PREVENTÓLOGOS CRECE', 5);
INSERT INTO puestos (idPuesto, puesto, idArea) VALUES (112, 'ESPECIALISTA EN OPERACIONES FINANCIERAS', 4);
INSERT INTO puestos (idPuesto, puesto, idArea) VALUES (113, 'AUXILIAR DE RELACIONES LABORALES', 4);
INSERT INTO puestos (idPuesto, puesto, idArea) VALUES (114, 'ESPECIALISTA DE RECUPERACION JUDICIAL', 7);
INSERT INTO puestos (idPuesto, puesto, idArea) VALUES (115, 'ESPECIALISTA EN TELECOMUNICACIONES, REDES Y CIBERSEGURIDAD', 7);
INSERT INTO puestos (idPuesto, puesto, idArea) VALUES (116, 'SUPERVISOR/A DE PROGRAMAS', 7);
INSERT INTO puestos (idPuesto, puesto, idArea) VALUES (117, 'ESPECIALISTA DE BASE DE DATOS', 7);
INSERT INTO puestos (idPuesto, puesto, idArea) VALUES (118, 'ESPECIALISTA EN LOS SISTEMAS DE CREDITO Y BECAS', 7);
INSERT INTO puestos (idPuesto, puesto, idArea) VALUES (119, 'DIRECTOR/A DE DESARROLLO Y PARTICIPACION', 7);
INSERT INTO puestos (idPuesto, puesto, idArea) VALUES (120, 'CHOFER', 7);
INSERT INTO puestos (idPuesto, puesto, idArea) VALUES (121, 'ANALISTA TECNICO/A', 7);
INSERT INTO puestos (idPuesto, puesto, idArea) VALUES (122, 'DIRECTOR/A DE FORMACION INTEGRAL', 7);
INSERT INTO puestos (idPuesto, puesto, idArea) VALUES (123, 'JEFE/A DE RECURSOS HUMANOS', 7);
INSERT INTO puestos (idPuesto, puesto, idArea) VALUES (124, 'ENCARGADO DEL ÁREA JURÍDICA', 7);
INSERT INTO puestos (idPuesto, puesto, idArea) VALUES (125, 'JEFE/A DE PLANEACION', 7);
INSERT INTO puestos (idPuesto, puesto, idArea) VALUES (126, 'COORDINADOR/A DE ESTUDIOS SOBRE LA JUVENTUD', 7);
INSERT INTO puestos (idPuesto, puesto, idArea) VALUES (127, 'JEFE/A DE CONTABILIDAD Y PRESUPUESTO', 7);
INSERT INTO puestos (idPuesto, puesto, idArea) VALUES (128, 'JEFE/A DE ZONA', 7);
INSERT INTO puestos (idPuesto, puesto, idArea) VALUES (129, 'COORDINADOR/A DE FORMACION Y CAPACITACION', 7);
INSERT INTO puestos (idPuesto, puesto, idArea) VALUES (130, 'COORDINADOR/A DE PLANEACION Y EVALUACION', 7);
INSERT INTO puestos (idPuesto, puesto, idArea) VALUES (131, 'DIRECTOR/A DE COORDINACIONES REGIONALES', 7);
INSERT INTO puestos (idPuesto, puesto, idArea) VALUES (132, 'JEFE/A DE SEGUIMIENTO A REGIONES', 7);
INSERT INTO puestos (idPuesto, puesto, idArea) VALUES (133, 'ENCARGADO/A DE PROYECTOS CON MUNICIPIOS', 7);
INSERT INTO puestos (idPuesto, puesto, idArea) VALUES (134, 'ENCARGADO/A DE JOVENES EMPRENDEDORES SOCIALES', 7);
INSERT INTO puestos (idPuesto, puesto, idArea) VALUES (135, 'ASISTENTE/A EJECUTIVO/A', 7);
INSERT INTO puestos (idPuesto, puesto, idArea) VALUES (136, 'JEFE/A DE DISFRUTE Y PARTICIPACION JUVENIL', 7);
INSERT INTO puestos (idPuesto, puesto, idArea) VALUES (137, 'AUXILIAR CONTABLE', 7);
INSERT INTO puestos (idPuesto, puesto, idArea) VALUES (138, 'COORDINADOR/A DE PROGRAMAS INTERNACIONALES', 6);
INSERT INTO puestos (idPuesto, puesto, idArea) VALUES (139, 'TÉCNICO EN MANTENIMIENTO Y SERVICIO AL CENTRO DE DATOS', 7);
INSERT INTO puestos (idPuesto, puesto, idArea) VALUES (140, 'DIRECTOR/A GENERAL', 7);
INSERT INTO puestos (idPuesto, puesto, idArea) VALUES (141, 'ASISTENTE VINCULATIVO', 6);
INSERT INTO puestos (idPuesto, puesto, idArea) VALUES (142, 'SECRETARIO/A TECNICO/A', 7);
INSERT INTO puestos (idPuesto, puesto, idArea) VALUES (143, 'ESPECIALISTA DE DOCUMENTACION, FOTOGRAFIA Y VIDEO', 7);
INSERT INTO puestos (idPuesto, puesto, idArea) VALUES (144, 'AUXILIAR EN DISEÑO GRAFICO', 7);
INSERT INTO puestos (idPuesto, puesto, idArea) VALUES (145, 'COORDINADOR/A  OFICINAS MUNICIPALES', 1);
INSERT INTO puestos (idPuesto, puesto, idArea) VALUES (146, 'ESPECIALISTA EN RELACIONES INTERMUNICIPALES', 1);
INSERT INTO puestos (idPuesto, puesto, idArea) VALUES (147, 'COORDINADOR DE REDES DE EMPODERAMIENTO Y PARTICIPACIÓN SOCIAL', 5);
INSERT INTO puestos (idPuesto, puesto, idArea) VALUES (148, 'ESPECIALISTA NOMINA', 4);
INSERT INTO puestos (idPuesto, puesto, idArea) VALUES (149, 'ANALISTA DE RECURSOS MATERIALES Y SERVICIOS GENERALES', 4);
INSERT INTO puestos (idPuesto, puesto, idArea) VALUES (150, 'ENCARGADO/A DE CONTROL VEHICULAR', 4);
INSERT INTO puestos (idPuesto, puesto, idArea) VALUES (151, 'JEFE/A DE ADQUISICIONES', 4);
INSERT INTO puestos (idPuesto, puesto, idArea) VALUES (152, 'ESPECIALISTA JURIDICO/A', 7);
INSERT INTO puestos (idPuesto, puesto, idArea) VALUES (153, 'ESPECIALISTA EN PUBLICACION DE CONTENIDOS Y ATENCION A MEDIOS DE COMUNICACION', 7);
INSERT INTO puestos (idPuesto, puesto, idArea) VALUES (154, 'ENLACE DE COMUNIDADES DE EMPODERAMIENTO', 5);
INSERT INTO puestos (idPuesto, puesto, idArea) VALUES (155, 'ENLACE PARA EL DESARROLLO JUVENIL', 5);
INSERT INTO puestos (idPuesto, puesto, idArea) VALUES (156, 'AUXILIAR INTERMUNICIPAL', 6);
INSERT INTO puestos (idPuesto, puesto, idArea) VALUES (157, 'ESPECIALISTA EN RELACIONES INTERMUNICIPALES', 6);
INSERT INTO puestos (idPuesto, puesto, idArea) VALUES (158, 'AUXILIAR CONTABLE', 4);
INSERT INTO puestos (idPuesto, puesto, idArea) VALUES (159, 'JEFE/A DE PARTICIPACION JOVEN', 5);
INSERT INTO puestos (idPuesto, puesto, idArea) VALUES (160, 'JEFE/A  DE EMPODERAMIENTO DE LA JUVENTUD', 5);
INSERT INTO puestos (idPuesto, puesto, idArea) VALUES (161, 'AUXILIAR DE OFICILIA DE PARTES', 7);
INSERT INTO puestos (idPuesto, puesto, idArea) VALUES (162, 'DIRECTOR/A DE IMPULSO AL LIDERAZGO DE LAS JUVENTUDES', 10);
INSERT INTO puestos (idPuesto, puesto, idArea) VALUES (163, 'COORDINADOR/A DE POLITICA PUBLICA', 11);
INSERT INTO puestos (idPuesto, puesto, idArea) VALUES (164, 'COORDINADOR/A DE ANÁLISIS FINANCIERO', 12);
INSERT INTO puestos (idPuesto, puesto, idArea) VALUES (165, 'REPONSABLE DE NOMINA', 13);
INSERT INTO puestos (idPuesto, puesto, idArea) VALUES (166, 'COORDINADOR/A DE FORMACION Y DESARROLLO DE LA JUVENTUD', 14);
INSERT INTO puestos (idPuesto, puesto, idArea) VALUES (167, 'JEFE/A DE ADQUISICIONES Y SERVICIOS', 15);
INSERT INTO puestos (idPuesto, puesto, idArea) VALUES (168, 'ESPECIALISTA EN CONTROL VEHICULAR', 15);
INSERT INTO puestos (idPuesto, puesto, idArea) VALUES (169, 'JEFE/A DE POSICIONAMIENTO INSTITUCIONAL', 17);
INSERT INTO puestos (idPuesto, puesto, idArea) VALUES (170, 'JEFE/A DE GESTION DE CONOCIMIENTO Y FORMACION', 18);
INSERT INTO puestos (idPuesto, puesto, idArea) VALUES (171, 'AUXILIAR EN CONTROL PATRIMONIAL', 15);
INSERT INTO puestos (idPuesto, puesto, idArea) VALUES (172, 'ESPECIALISTA DE CONVOCATORIAS INTERNACIONALES', 19);
INSERT INTO puestos (idPuesto, puesto, idArea) VALUES (173, 'ESPECIALISTA DE APOYOS', 20);
INSERT INTO puestos (idPuesto, puesto, idArea) VALUES (174, 'ESPECIALISTA EN RELACIONES INTERMUNICIPALES', 21);
INSERT INTO puestos (idPuesto, puesto, idArea) VALUES (175, 'COORDINADOR/A DE CONTABILIDAD Y PRESUPUESTOS', 22);
INSERT INTO puestos (idPuesto, puesto, idArea) VALUES (176, 'ESPECIALISTA DEL ORGANO INTERNO DE CONTROL', 8);
INSERT INTO puestos (idPuesto, puesto, idArea) VALUES (178, 'COORDINADOR/A DE PLANEACION Y EVALUACION', 11);
INSERT INTO puestos (idPuesto, puesto, idArea) VALUES (179, 'COORDINADOR/A DE VINCULACION INSTITUCIONAL', 23);
INSERT INTO puestos (idPuesto, puesto, idArea) VALUES (180, 'ENLACE DE SEGUIMIENTO Y ATENCIÓN JUVENIL', 18);
INSERT INTO puestos (idPuesto, puesto, idArea) VALUES (181, 'COORDINADOR/A DE ASUNTOS JURIDICOS', 24);
INSERT INTO puestos (idPuesto, puesto, idArea) VALUES (182, 'COORDINADOR/A DE BECAS Y APOYOS', 20);
INSERT INTO puestos (idPuesto, puesto, idArea) VALUES (183, 'JEFE/A DE MENTORÍAS PARA LAS JUVENTUDES', 14);
INSERT INTO puestos (idPuesto, puesto, idArea) VALUES (184, 'OPERATIVO/A DE APOYOS', 20);
INSERT INTO puestos (idPuesto, puesto, idArea) VALUES (185, 'AUXILIAR DE PAGOS', 17);
INSERT INTO puestos (idPuesto, puesto, idArea) VALUES (186, 'ESPECIALISTA DE RECURSOS MATERIALES Y SERVICIOS GENERALES', 4);
INSERT INTO puestos (idPuesto, puesto, idArea) VALUES (187, 'APOYO EN ADMINISTRACIÓN DE PERSONAL', 13);
INSERT INTO puestos (idPuesto, puesto, idArea) VALUES (188, 'JEFE/A DE PLANEACION Y EVALUACION', 11);
INSERT INTO puestos (idPuesto, puesto, idArea) VALUES (189, 'AUXILIAR VINCULACION INSTITUCIONAL', 23);
INSERT INTO puestos (idPuesto, puesto, idArea) VALUES (190, 'DIRECTOR/A DE BECAS, APOYOS Y FINANCIAMIENTO', 25);
INSERT INTO puestos (idPuesto, puesto, idArea) VALUES (191, 'DIR DE PLAN, EVAL  POLI PUB Y TECNO DE INF', 11);
INSERT INTO puestos (idPuesto, puesto, idArea) VALUES (192, 'COORDINADOR/A DE RECURSOS HUMANOS', 13);
INSERT INTO puestos (idPuesto, puesto, idArea) VALUES (193, 'JEFE/A DE IMPULSO JOVEN', 26);
INSERT INTO puestos (idPuesto, puesto, idArea) VALUES (194, 'ESPECIALISTA EN ESTRATEGIAS PARA EL DESARROLLO JUVENIL', 26);
INSERT INTO puestos (idPuesto, puesto, idArea) VALUES (195, 'JEFE/A DE DISEÑO DE PROYECTOS ESTRATEGICOS', 11);
INSERT INTO puestos (idPuesto, puesto, idArea) VALUES (196, 'ADMINISTRADOR/A DE SISTEMA DE INFORMACION', 11);
INSERT INTO puestos (idPuesto, puesto, idArea) VALUES (197, 'ESPECIALISTA EN LOGISTICA GIRAS Y EVENTOS', 17);
INSERT INTO puestos (idPuesto, puesto, idArea) VALUES (198, 'ESPECIALISTA EN RECURSOS HUMANOS', 13);
INSERT INTO puestos (idPuesto, puesto, idArea) VALUES (199, 'COORDINADOR/A DE FORMACION Y ATENCION A LA JUVENTUD', 18);
INSERT INTO puestos (idPuesto, puesto, idArea) VALUES (200, 'ESPECIALISTA EN SEGUIMIENTO AL DESARROLLO JUVENIL', 14);
INSERT INTO puestos (idPuesto, puesto, idArea) VALUES (201, 'FACILITADOR/A DE IMPULSO JUVENIL', 26);
INSERT INTO puestos (idPuesto, puesto, idArea) VALUES (202, 'JEFE/A DE INNOVACIÓN PARA EL DESARROLLO JUVENIL', 14);
INSERT INTO puestos (idPuesto, puesto, idArea) VALUES (203, 'JEFE/A DE BECAS', 20);
INSERT INTO puestos (idPuesto, puesto, idArea) VALUES (204, 'COORDINADOR/A DE RECURSOS MATERIALES Y SERVICIOS', 15);
INSERT INTO puestos (idPuesto, puesto, idArea) VALUES (205, 'JEFE/A DE ANALISIS DE PROYECTOS DE JUVENTUDES', 11);
INSERT INTO puestos (idPuesto, puesto, idArea) VALUES (206, 'GESTOR/A DE COBRANZA JUDICIAL', 24);
INSERT INTO puestos (idPuesto, puesto, idArea) VALUES (207, 'JEFE/A DE RECUPERACION', 28);
INSERT INTO puestos (idPuesto, puesto, idArea) VALUES (208, 'ANALISTA JURIDICO/A', 24);
INSERT INTO puestos (idPuesto, puesto, idArea) VALUES (209, 'COORDINADOR/A DE OTORGAMIENTO Y RECUPERACION', 28);
INSERT INTO puestos (idPuesto, puesto, idArea) VALUES (210, 'ESPECIALISTA EN RELACIONES INTERNACIONALES', 19);
INSERT INTO puestos (idPuesto, puesto, idArea) VALUES (211, 'JEFE/A DE CREDITO', 28);
INSERT INTO puestos (idPuesto, puesto, idArea) VALUES (212, 'ASESOR/A DE CREDITO', 28);
INSERT INTO puestos (idPuesto, puesto, idArea) VALUES (213, 'GESTOR/A DE RECUPERACION', 28);
INSERT INTO puestos (idPuesto, puesto, idArea) VALUES (214, 'ESPECIALISTA DE MODELOS DE MENTORIA', 14);
INSERT INTO puestos (idPuesto, puesto, idArea) VALUES (215, 'COORDINADOR/A DE PARTICIPACION JUVENIL Y EMPODERAMIENTO', 26);
INSERT INTO puestos (idPuesto, puesto, idArea) VALUES (216, 'JEFE/A DE SEGUIMIENTO TECNICO', 29);
INSERT INTO puestos (idPuesto, puesto, idArea) VALUES (217, 'ESPECIALISTA EN SOPORTE Y DESARROLLO INFORMATICO', 11);
INSERT INTO puestos (idPuesto, puesto, idArea) VALUES (218, 'ESPECIALISTA  DE BASE DE DATOS', 11);
INSERT INTO puestos (idPuesto, puesto, idArea) VALUES (219, 'ESPECIALISTA EN DESARROLLO INSTITUCIONAL', 11);
INSERT INTO puestos (idPuesto, puesto, idArea) VALUES (220, 'ESPECIALISTA EN TELECOMUNICACIONES, REDES Y CIBERSEGURIDAD', 11);
INSERT INTO puestos (idPuesto, puesto, idArea) VALUES (221, 'ESPECIALISTA EN PUBLICACION DE CONTENIDOS Y ATENCION A MEDIOS DE COMUNICACION', 17);
INSERT INTO puestos (idPuesto, puesto, idArea) VALUES (222, 'AUXILIAR ADMINISTRATIVO/A', 22);
INSERT INTO puestos (idPuesto, puesto, idArea) VALUES (223, 'COORDINADOR/A DE ANALISIS E INTELIGENCIA DE INFORMACION', 7);
INSERT INTO puestos (idPuesto, puesto, idArea) VALUES (224, 'ESPECIALISTA DE ATENCION CIUDADANA', 29);
INSERT INTO puestos (idPuesto, puesto, idArea) VALUES (225, 'ESPECIALISTA DE DOCUMENTACION, FOTOGRAFIA Y VIDEO', 17);
INSERT INTO puestos (idPuesto, puesto, idArea) VALUES (226, 'ESPECIALISTA JURIDICO/A', 24);
INSERT INTO puestos (idPuesto, puesto, idArea) VALUES (227, 'FACILITADOR/A DE IMPULSO JOVEN', 26);
INSERT INTO puestos (idPuesto, puesto, idArea) VALUES (228, 'DISEÑADOR/A GRAFICO/A', 17);
INSERT INTO puestos (idPuesto, puesto, idArea) VALUES (229, 'ENLACE DE COMUNIDADES DE EMPODERAMIENTO', 26);
INSERT INTO puestos (idPuesto, puesto, idArea) VALUES (230, 'ENLACE DE SEGUIMIENTO DE LA FORMACION JUVENIL', 18);
INSERT INTO puestos (idPuesto, puesto, idArea) VALUES (231, 'ENLACE PARA EL DESARROLLO JUVENIL', 26);
INSERT INTO puestos (idPuesto, puesto, idArea) VALUES (232, 'FACILITADOR/A DE PARTICIPACION JUVENIL', 26);
INSERT INTO puestos (idPuesto, puesto, idArea) VALUES (233, 'JEFE/A  DE EMPODERAMIENTO DE LA JUVENTUD', 26);
INSERT INTO puestos (idPuesto, puesto, idArea) VALUES (234, 'JEFE/A DE ATENCION JUVENIL', 18);
INSERT INTO puestos (idPuesto, puesto, idArea) VALUES (235, 'JEFE/A DE PARTICIPACION JOVEN', 26);
INSERT INTO puestos (idPuesto, puesto, idArea) VALUES (236, 'ESPECIALISTA BECAS', 20);
INSERT INTO puestos (idPuesto, puesto, idArea) VALUES (237, 'AUXILIAR CONTABLE', 22);
INSERT INTO puestos (idPuesto, puesto, idArea) VALUES (238, 'AUXILIAR DE OPERACIONES FINANCIERAS', 22);
INSERT INTO puestos (idPuesto, puesto, idArea) VALUES (239, 'JEFE/A DE PRESUPUESTO', 22);
INSERT INTO puestos (idPuesto, puesto, idArea) VALUES (240, 'JEFE/A DE RELACIONES INTERMUNICIPALES', 6);
INSERT INTO puestos (idPuesto, puesto, idArea) VALUES (241, 'ESPECIALISTA VINCULACION', 23);
INSERT INTO puestos (idPuesto, puesto, idArea) VALUES (242, 'COORDINADOR/A DE PROGRAMAS INTERNACIONALES', 19);
INSERT INTO puestos (idPuesto, puesto, idArea) VALUES (243, 'OPERATIVO/A DE RECUPERACION', 28);
INSERT INTO puestos (idPuesto, puesto, idArea) VALUES (244, 'OPERATIVO/A DE BECAS', 20);
INSERT INTO puestos (idPuesto, puesto, idArea) VALUES (245, 'GESTOR/A DE ATENCION TELEFONICA', 28);
INSERT INTO puestos (idPuesto, puesto, idArea) VALUES (246, 'AUXILIAR DE CONTRATOS Y CONVENIOS', 11);
INSERT INTO puestos (idPuesto, puesto, idArea) VALUES (247, 'JEFE/A DE REGISTRO Y DOCUMENTACION DE BECAS APOY Y FINAN', 25);
INSERT INTO puestos (idPuesto, puesto, idArea) VALUES (248, 'COORDINADOR/A DE COMUNICACIÓN', 17);
INSERT INTO puestos (idPuesto, puesto, idArea) VALUES (249, 'SUPERVISOR/A COBRANZA JUDICIAL', 24);
INSERT INTO puestos (idPuesto, puesto, idArea) VALUES (250, 'JEFE/A DE APOYOS', 20);
INSERT INTO puestos (idPuesto, puesto, idArea) VALUES (251, 'COORDINADOR/A  DE VINCULACION JUVENTUDES', 21);
INSERT INTO puestos (idPuesto, puesto, idArea) VALUES (252, 'ANALISTA EN CARTERA VENCIDA Y COBRANZA JUDICIAL', 7);
INSERT INTO puestos (idPuesto, puesto, idArea) VALUES (253, 'ESPECIALISTA EN TRABAJO SOCIAL', 25);
INSERT INTO puestos (idPuesto, puesto, idArea) VALUES (254, 'TECNICO/A EN TRABAJO SOCIAL', 25);
INSERT INTO puestos (idPuesto, puesto, idArea) VALUES (255, 'AUXILIAR EN ARCHIVISTICA', 7);
INSERT INTO puestos (idPuesto, puesto, idArea) VALUES (256, 'AUXILIAR DE DESARROLLO DE SISTEMAS Y SOPORTE TECNICO', 11);
INSERT INTO puestos (idPuesto, puesto, idArea) VALUES (257, 'AUTORIDAD INVESTIGADORA DEL ORGANO INTERNO DE CONTROL', 8);
